City_ID,City,Country,Lat,Lng,Max Temp,Humidity,Cloudiness,Wind Speed,Current Description
0,Poum,NC,-20.2333,164.0167,76.42,70,9,12.86,clear sky
1,Avarua,CK,-21.2078,-159.775,78.85,65,75,12.66,broken clouds
2,Albany,US,42.6001,-73.9662,50.61,72,24,1.99,few clouds
3,Punta Arenas,CL,-53.15,-70.9167,48.31,49,40,18.41,scattered clouds
4,Takaka,NZ,-40.85,172.8,64.56,53,6,10.83,clear sky
5,Bonthe,SL,7.5264,-12.505,76.33,89,100,7.74,moderate rain
6,Fernley,US,39.608,-119.2518,73.51,36,35,3.0,scattered clouds
7,Atuona,PF,-9.8,-139.0333,77.38,72,24,12.39,few clouds
8,Labuhan,ID,-6.8844,112.2051,81.66,78,100,9.4,overcast clouds
9,Shakawe,BW,-18.3667,21.85,75.96,49,40,0.78,scattered clouds
10,Denpasar,ID,-8.65,115.2167,74.86,94,75,3.44,broken clouds
11,Vaini,TO,-21.2,-175.2,69.96,100,90,9.22,moderate rain
12,Beringovskiy,RU,63.05,179.3167,14.94,90,100,2.71,overcast clouds
13,Ilulissat,GL,69.2167,-51.1,19.42,95,92,6.35,overcast clouds
14,Bambous Virieux,MU,-20.3428,57.7575,72.21,94,75,3.44,broken clouds
15,Rikitea,PF,-23.1203,-134.9692,75.47,79,96,17.67,overcast clouds
16,Santa Cruz,BO,-17.8,-63.1667,86.05,62,20,10.36,few clouds
17,Jamestown,US,42.097,-79.2353,47.95,96,90,5.99,overcast clouds
18,Georgetown,MY,5.4112,100.3354,80.53,88,20,3.0,few clouds
19,Vilya,RU,55.2456,42.2089,43.38,95,70,10.18,broken clouds
20,Ponta Do Sol,PT,32.6667,-17.1,71.01,70,63,8.75,broken clouds
21,Bundaberg,AU,-24.85,152.35,87.22,66,75,5.99,broken clouds
22,Cape Town,ZA,-33.9258,18.4232,62.1,85,75,1.99,broken clouds
23,Hvide Sande,DK,56.0045,8.1294,56.08,85,79,27.18,broken clouds
24,Sehithwa,BW,-20.4667,22.7167,78.53,45,19,0.27,few clouds
25,Mar Del Plata,AR,-38.0023,-57.5575,65.08,96,55,5.01,broken clouds
26,Kruisfontein,ZA,-34.0033,24.7314,58.89,84,49,17.76,scattered clouds
27,Ushuaia,AR,-54.8,-68.3,46.02,49,75,24.16,broken clouds
28,Klaksvik,FO,62.2266,-6.589,43.72,85,100,3.76,overcast clouds
29,Vanavara,RU,60.34,102.2797,28.56,77,100,8.46,overcast clouds
30,Bethel,US,41.3712,-73.414,54.48,77,90,5.01,overcast clouds
31,Mahanoro,MG,-19.9,48.8,68.14,81,100,5.55,overcast clouds
32,Fort Nelson,CA,58.8053,-122.7002,40.59,36,1,9.22,clear sky
33,Souillac,MU,-20.5167,57.5167,72.36,94,75,3.44,broken clouds
34,Pedernales,DO,18.0384,-71.744,80.29,72,7,6.35,clear sky
35,Chokurdakh,RU,70.6333,147.9167,-14.75,99,100,2.24,overcast clouds
36,Port Alfred,ZA,-33.5906,26.891,61.0,79,72,13.09,broken clouds
37,Misratah,LY,32.3754,15.0925,69.69,66,2,11.43,clear sky
38,Saint Anthony,US,45.0205,-93.218,53.2,73,0,5.64,clear sky
39,Kapaa,US,22.0752,-159.319,83.19,78,9,5.99,clear sky
40,Port Lincoln,AU,-34.7333,135.8667,57.96,48,56,5.99,broken clouds
41,Pevek,RU,69.7008,170.3133,-0.35,92,98,2.98,overcast clouds
42,Yellowknife,CA,62.456,-114.3525,33.42,95,75,9.22,broken clouds
43,Hermanus,ZA,-34.4187,19.2345,59.9,85,22,1.99,few clouds
44,Port Blair,IN,11.6667,92.75,80.73,83,75,6.44,broken clouds
45,Bluff,NZ,-46.6,168.3333,61.5,66,65,5.95,broken clouds
46,Oktyabrskiy,RU,54.4815,53.471,32.86,59,100,10.29,snow
47,Ubrique,ES,36.6778,-5.446,65.52,95,100,7.83,overcast clouds
48,Tura,IN,25.5198,90.2201,64.81,79,30,4.21,scattered clouds
49,Harper,LR,4.375,-7.7169,77.45,85,100,5.32,overcast clouds
50,Butaritari,KI,3.0707,172.7902,83.39,68,3,15.43,clear sky
51,Lingyuan,CN,41.24,119.4011,48.67,72,32,2.59,scattered clouds
52,Santa Cruz Del Norte,CU,23.1539,-81.9236,77.72,67,98,14.92,overcast clouds
53,Mataura,NZ,-46.1927,168.8643,71.58,46,53,4.32,broken clouds
54,Vostok,RU,46.4856,135.8833,42.98,45,1,0.96,clear sky
55,Hilo,US,19.7297,-155.09,80.26,80,41,3.0,scattered clouds
56,Husavik,IS,66.0449,-17.3389,39.11,95,100,3.06,overcast clouds
57,Cherskiy,RU,68.75,161.3,-12.68,96,99,2.3,overcast clouds
58,Axim,GH,4.8699,-2.2405,77.68,87,97,7.81,light rain
59,Posse,BR,-14.0931,-46.3694,76.6,51,76,4.34,broken clouds
60,Alcamo,IT,37.9983,12.9565,62.71,83,100,11.1,overcast clouds
61,Kloulklubed,PW,7.0419,134.2556,86.5,76,98,15.5,overcast clouds
62,Sarangani,PH,5.4033,125.4636,84.02,72,31,13.56,scattered clouds
63,Alyangula,AU,-13.8483,136.4192,85.87,74,40,4.61,scattered clouds
64,Batemans Bay,AU,-35.7167,150.1833,63.91,36,61,6.04,broken clouds
65,Emba,KZ,48.8264,58.1442,41.09,87,100,4.29,overcast clouds
66,Nikolskoye,RU,59.7035,30.7861,49.01,91,72,7.31,broken clouds
67,Cayenne,GF,4.9333,-52.3333,82.09,80,70,3.0,broken clouds
68,Pasan,IN,22.85,82.2,59.14,69,47,3.49,scattered clouds
69,Hofn,IS,64.2539,-15.2082,44.62,82,100,14.7,overcast clouds
70,Cerrito,CO,6.8432,-72.694,52.99,95,96,2.13,overcast clouds
71,Saint-Philippe,RE,-21.3585,55.7679,69.48,82,42,6.6,scattered clouds
72,Sile,TR,41.1754,29.6133,59.58,68,18,7.0,few clouds
73,Leningradskiy,RU,69.3833,178.4167,-9.62,93,21,4.43,few clouds
74,Beyneu,KZ,45.3167,55.2,52.52,44,100,6.71,overcast clouds
75,Pamfila,GR,39.1567,26.5217,57.52,74,0,10.89,clear sky
76,Hithadhoo,MV,-0.6,73.0833,83.57,70,99,14.05,overcast clouds
77,Monrovia,LR,6.3005,-10.7969,74.97,87,100,8.08,light rain
78,Florianopolis,BR,-27.6146,-48.5012,70.63,91,75,2.3,broken clouds
79,Wapi Pathum,TH,15.8452,103.3768,75.63,92,100,6.78,overcast clouds
80,Prince Rupert,CA,54.3161,-130.3201,46.09,73,99,13.8,overcast clouds
81,Igrim,RU,63.1906,64.4162,19.36,75,0,9.33,clear sky
82,Bredasdorp,ZA,-34.5322,20.0403,59.29,88,32,6.91,scattered clouds
83,Dwarka,IN,22.2394,68.9678,78.93,42,99,6.26,overcast clouds
84,Chuy,UY,-33.6971,-53.4616,64.36,91,0,12.15,light rain
85,Champerico,GT,14.3,-91.9167,86.54,74,4,5.08,clear sky
86,Upernavik,GL,72.7868,-56.1549,19.81,61,3,6.58,clear sky
87,Castro,BR,-24.7911,-50.0119,61.38,93,44,11.14,scattered clouds
88,Clyde River,CA,70.4692,-68.5914,28.63,100,90,5.75,light snow
89,Kalmunai,LK,7.4167,81.8167,79.5,81,89,1.79,overcast clouds
90,Kodiak,US,57.79,-152.4072,44.11,87,90,18.41,mist
91,Torbay,CA,47.6666,-52.7314,40.39,93,90,17.27,light intensity drizzle
92,Grand Gaube,MU,-20.0064,57.6608,72.37,91,45,1.99,scattered clouds
93,Jibuti,DJ,11.5,42.5,73.8,69,14,14.36,few clouds
94,Yanam,IN,16.7333,82.2167,76.46,92,100,4.7,overcast clouds
95,Mount Isa,AU,-20.7333,139.5,69.57,60,90,6.91,overcast clouds
96,Roald,NO,62.5833,6.1333,55.54,58,75,9.22,broken clouds
97,Vanimo,PG,-2.6741,141.3028,84.83,70,99,4.99,overcast clouds
98,Kyra,RU,49.5776,111.9753,26.37,63,97,2.82,overcast clouds
99,Baykit,RU,61.67,96.37,25.38,96,100,4.45,light snow
100,Faya,SA,18.3851,42.4509,57.31,33,55,6.08,broken clouds
101,Malatya,TR,38.5,38.0,46.45,87,75,2.3,broken clouds
102,Talnakh,RU,69.4865,88.3972,17.44,95,100,8.63,light snow
103,Kamien Pomorski,PL,53.9685,14.7726,47.5,62,19,11.21,few clouds
104,Dothan,US,31.2232,-85.3905,57.4,77,80,10.29,broken clouds
105,Moose Factory,CA,51.2585,-80.6094,44.6,70,90,2.3,overcast clouds
106,Nouadhibou,MR,20.931,-17.0347,69.06,77,35,16.35,scattered clouds
107,Hobart,AU,-42.8794,147.3294,53.26,62,75,3.0,broken clouds
108,Tuktoyaktuk,CA,69.4541,-133.0374,26.6,100,90,5.75,light snow
109,Samfya,ZM,-11.3649,29.5565,69.76,51,12,4.79,few clouds
110,Bengkulu,ID,-3.8004,102.2655,76.82,88,81,2.84,broken clouds
111,Esperance,AU,-33.8667,121.9,57.04,66,0,7.11,clear sky
112,Hasaki,JP,35.7333,140.8333,55.8,49,0,1.61,clear sky
113,Chumikan,RU,54.7183,135.315,28.18,91,100,8.79,snow
114,Aasiaat,GL,68.7098,-52.8699,24.94,96,100,9.37,overcast clouds
115,Faanui,PF,-16.4833,-151.75,78.94,71,89,16.02,overcast clouds
116,Lagoa,PT,39.05,-27.9833,68.05,94,100,15.97,overcast clouds
117,Provideniya,RU,64.3833,-173.3,14.31,70,80,2.37,broken clouds
118,Moyale,KE,3.5167,39.0584,69.53,63,43,5.26,scattered clouds
119,Busselton,AU,-33.65,115.3333,57.04,63,4,8.3,clear sky
120,Barrow,US,71.2906,-156.7887,9.19,87,82,10.11,broken clouds
121,Airai,TL,-8.9266,125.4092,71.13,62,81,2.08,broken clouds
122,Yulara,AU,-25.2406,130.9889,69.64,26,75,18.41,light rain
123,Tiksi,RU,71.6872,128.8694,3.2,94,99,7.52,overcast clouds
124,Ixtapa,MX,20.7,-105.2,83.23,87,38,2.91,scattered clouds
125,Orumiyeh,IR,37.5527,45.0761,45.95,71,75,2.3,broken clouds
126,Alofi,NU,-19.0595,-169.9187,82.29,44,96,14.97,overcast clouds
127,Blythe,US,33.6103,-114.5964,89.04,16,0,3.8,clear sky
128,Pangnirtung,CA,66.1451,-65.7125,32.67,97,100,6.51,light snow
129,Dossor,KZ,47.5272,52.9811,49.3,57,100,5.08,overcast clouds
130,Perove,UA,44.9333,34.0667,43.61,84,0,6.64,clear sky
131,Herat,AF,34.5,62.0,51.3,41,4,4.23,clear sky
132,Qasigiannguit,GL,68.8193,-51.1922,21.7,92,94,6.2,overcast clouds
133,Villa Carlos Paz,AR,-31.4241,-64.4978,79.9,42,95,4.0,overcast clouds
134,Kerema,PG,-7.9631,145.7785,83.84,74,72,4.07,broken clouds
135,Chachapoyas,PE,-6.2317,-77.869,53.08,92,76,3.87,broken clouds
136,Caravelas,BR,-17.7125,-39.2481,73.18,84,12,5.19,few clouds
137,Port Elizabeth,ZA,-33.918,25.5701,61.11,72,0,11.5,clear sky
138,Puerto Ayora,EC,-0.7393,-90.3518,69.82,90,83,9.86,broken clouds
139,Touros,BR,-5.1989,-35.4608,77.9,75,25,14.38,scattered clouds
140,Lebu,CL,-37.6167,-73.65,54.66,81,100,18.99,overcast clouds
141,Broome,US,42.2506,-75.833,52.57,68,90,1.01,overcast clouds
142,Fare,PF,-16.7,-151.0167,78.6,71,88,15.23,overcast clouds
143,Carnarvon,AU,-24.8667,113.6333,69.87,46,0,18.41,clear sky
144,New Norfolk,AU,-42.7826,147.0587,52.92,58,70,4.0,broken clouds
145,Guano,EC,-1.5833,-78.6333,51.62,92,99,3.53,light rain
146,Puri,IN,19.8,85.85,77.52,79,78,9.08,broken clouds
147,Andrews,US,32.3187,-102.5457,72.05,19,1,3.44,clear sky
148,Shatrovo,RU,56.5167,64.6333,25.2,63,38,8.86,scattered clouds
149,Ambilobe,MG,-13.2,49.05,73.08,87,22,0.67,few clouds
150,Hubli,IN,15.35,75.1667,70.81,88,82,11.27,broken clouds
151,Arraial Do Cabo,BR,-22.9661,-42.0278,68.97,91,100,20.18,overcast clouds
152,Basoko,CD,1.2391,23.616,70.86,97,86,2.64,overcast clouds
153,Bandarbeyla,SO,9.4942,50.8122,77.4,79,8,14.12,light rain
154,Qaanaaq,GL,77.484,-69.3632,14.27,70,100,8.19,overcast clouds
155,Geraldton,AU,-28.7667,114.6,66.61,37,0,11.5,clear sky
156,Mizdah,LY,31.4451,12.9801,62.47,56,57,5.79,broken clouds
157,Saint George,US,37.1041,-113.5841,81.07,31,0,4.0,clear sky
158,Longyearbyen,SJ,78.2186,15.6401,26.44,68,20,12.66,few clouds
159,Gamba,GA,-2.65,10.0,76.82,90,98,5.39,overcast clouds
160,Kaitangata,NZ,-46.2817,169.8464,66.92,57,58,13.49,broken clouds
161,Oyotun,PE,-6.8519,-79.3036,60.39,69,89,3.89,light rain
162,Nuuk,GL,64.1835,-51.7216,31.87,91,100,3.0,overcast clouds
163,Vardo,NO,70.3705,31.1107,38.37,74,15,22.03,few clouds
164,At-Bashi,KG,41.1702,75.8106,28.78,94,96,2.01,light snow
165,Pacific Grove,US,36.6177,-121.9166,82.6,86,20,3.0,few clouds
166,Thompson,CA,55.7435,-97.8558,42.96,70,75,4.61,broken clouds
167,Padang,ID,-0.9492,100.3543,78.69,85,85,3.02,overcast clouds
168,Riyadh,SA,24.6877,46.7219,71.74,30,97,5.75,overcast clouds
169,Olafsvik,IS,64.8945,-23.7142,39.9,94,100,28.39,overcast clouds
170,Troitsko-Pechorsk,RU,62.7084,56.1964,22.86,94,100,8.97,light snow
171,Linqiong,CN,30.4159,103.4609,58.82,87,78,1.12,broken clouds
172,Poso,ID,-1.3959,120.7524,81.34,78,92,1.07,overcast clouds
173,Hamilton,US,39.1834,-84.5333,58.05,97,90,1.01,mist
174,Mufumbwe,ZM,-13.6833,24.8,74.39,38,99,0.49,overcast clouds
175,Erenhot,CN,43.6475,111.9767,35.37,59,39,16.67,scattered clouds
176,Morondava,MG,-20.2833,44.2833,74.26,69,55,6.87,broken clouds
177,Tuatapere,NZ,-46.1333,167.6833,68.09,44,90,8.66,overcast clouds
178,Chippewa Falls,US,44.9369,-91.3929,51.98,75,90,6.91,overcast clouds
179,Le Lorrain,MQ,14.8329,-61.0567,78.75,55,7,9.42,clear sky
180,Ellensburg,US,46.9965,-120.5479,55.11,49,14,11.01,few clouds
181,Winnemucca,US,40.973,-117.7357,64.11,36,54,3.98,broken clouds
182,Yarmouth,US,41.7057,-70.2286,52.02,80,95,1.99,overcast clouds
183,Abha,SA,18.2164,42.5053,57.02,26,0,0.0,clear sky
184,Lorengau,PG,-2.0226,147.2712,83.28,75,43,5.91,scattered clouds
185,Sungairaya,ID,0.7,108.9,77.52,89,99,11.3,moderate rain
186,San Cristobal,VE,7.7669,-72.225,75.38,99,99,2.21,overcast clouds
187,Northam,GB,51.0333,-4.2167,56.82,88,99,22.91,light rain
188,East London,ZA,-33.0153,27.9116,65.1,63,72,14.65,broken clouds
189,Chatham,GB,51.3789,0.5279,56.41,88,96,1.01,overcast clouds
190,Riberalta,BO,-10.9833,-66.1,88.0,62,92,0.0,overcast clouds
191,Kenai,US,60.5544,-151.2583,33.15,94,100,15.03,overcast clouds
192,Khatanga,RU,71.9667,102.5,5.85,84,100,8.05,overcast clouds
193,Ipixuna,BR,-1.7625,-48.8043,76.95,96,99,3.4,overcast clouds
194,Jalu,LY,29.0331,21.5482,68.04,71,23,9.91,few clouds
195,Rio Grande,BR,-32.035,-52.0986,68.95,85,9,20.36,clear sky
196,Mbouda,CM,5.6258,10.2552,61.56,92,97,1.19,light rain
197,Dingle,PH,10.9995,122.6711,78.49,88,78,9.69,broken clouds
198,Inongo,CD,-1.95,18.2667,69.57,96,93,2.44,overcast clouds
199,Sortland,NO,68.6949,15.4162,41.36,91,100,5.41,overcast clouds
200,Dikson,RU,73.5069,80.5464,4.91,88,100,16.13,overcast clouds
201,Afua,BR,-0.1567,-50.3867,78.04,87,77,6.42,broken clouds
202,Mehamn,NO,71.0357,27.8492,39.6,81,90,29.82,overcast clouds
203,Zhicheng,CN,30.2956,111.5047,59.34,68,1,2.21,light rain
204,Ancud,CL,-41.8697,-73.8203,47.86,77,53,10.58,broken clouds
205,Shache,CN,38.4167,77.2406,44.65,41,7,3.0,clear sky
206,Comodoro Rivadavia,AR,-45.8667,-67.5,60.66,55,0,20.71,light rain
207,Palmer,US,42.1584,-72.3287,49.32,72,28,5.01,scattered clouds
208,Tual,ID,-5.6667,132.75,84.11,70,99,5.46,overcast clouds
209,Shar,KZ,49.5886,81.0453,38.79,66,87,6.53,overcast clouds
210,Seoul,KR,37.5683,126.9778,58.44,71,0,9.22,clear sky
211,Lufilufi,WS,-13.8745,-171.5986,80.38,69,84,15.03,broken clouds
212,Valparaiso,CL,-33.0393,-71.6273,56.32,87,0,8.05,clear sky
213,Ishigaki,JP,24.3448,124.1572,75.33,78,75,3.44,broken clouds
214,Marfino,RU,55.7028,37.3822,49.95,82,90,17.9,overcast clouds
215,Sorland,NO,67.667,12.6934,45.86,81,100,22.75,overcast clouds
216,Magistralnyy,RU,56.1725,107.4458,24.48,54,100,5.28,overcast clouds
217,Sitka,US,57.0531,-135.33,42.37,81,99,5.06,light rain
218,Chilmari,BD,25.5559,89.6715,69.93,76,13,7.07,few clouds
219,Ajdabiya,LY,30.7554,20.2263,67.95,76,0,7.0,clear sky
220,Upington,ZA,-28.4478,21.2561,61.18,67,0,5.75,clear sky
221,San Patricio,US,28.017,-97.5169,77.09,25,0,9.04,clear sky
222,Joensuu,FI,62.6012,29.7632,46.89,90,90,6.91,overcast clouds
223,Natal,BR,-5.795,-35.2094,77.65,88,40,12.66,scattered clouds
224,Rawson,AR,-43.3002,-65.1023,60.39,52,49,5.95,scattered clouds
225,Jumla,NP,29.2747,82.1838,41.59,60,1,4.25,clear sky
226,Griffith,US,41.5284,-87.4237,55.4,95,90,1.01,light rain
227,Forestville,US,38.8451,-76.875,61.07,95,90,6.91,overcast clouds
228,Bertoua,CM,4.5833,13.6833,67.62,97,96,2.98,overcast clouds
229,Hami,CN,42.8,93.45,47.55,43,21,1.32,few clouds
230,Puerto Escondido,MX,15.85,-97.0667,82.29,80,36,4.5,scattered clouds
231,Marzuq,YE,14.4,46.4667,67.62,49,7,2.06,clear sky
232,Anzio,IT,41.4853,12.6179,60.12,67,98,3.8,overcast clouds
233,Laguna,US,38.421,-121.4238,78.69,62,1,1.99,clear sky
234,Vila Velha,BR,-20.3297,-40.2925,75.15,83,75,6.91,broken clouds
235,Tabas,IR,33.5959,56.9244,61.29,29,37,2.06,scattered clouds
236,Hovd,MN,48.0056,91.6419,31.3,52,12,5.1,few clouds
237,Heyang,CN,26.1011,107.473,53.67,94,67,3.15,broken clouds
238,Krasnyy Yar,RU,46.5331,48.3456,48.13,72,92,6.58,overcast clouds
239,Usinsk,RU,65.9939,57.5281,8.55,94,75,7.25,broken clouds
240,Vila Franca Do Campo,PT,37.7167,-25.4333,73.2,93,84,15.93,broken clouds
241,Leh,IN,34.1667,77.5833,24.8,64,41,2.08,scattered clouds
242,Nanortalik,GL,60.1432,-45.2371,35.13,81,95,7.63,overcast clouds
243,Belgrade,RS,44.804,20.4651,53.46,60,0,1.99,clear sky
244,Flin Flon,CA,54.7682,-101.865,39.04,65,40,4.61,scattered clouds
245,Zyryanka,RU,65.75,150.85,6.73,93,99,4.16,overcast clouds
246,Acapulco,MX,16.8634,-99.8901,81.19,82,15,4.36,few clouds
247,Lebanon,US,36.2081,-86.2911,55.49,75,90,0.0,light rain
248,Likasi,CD,-10.9814,26.7333,70.34,50,95,1.32,overcast clouds
249,La Linea,AR,-27.6243,-55.0388,62.8,91,48,2.8,scattered clouds
250,Saskylakh,RU,71.9167,114.0833,-8.79,96,99,9.15,overcast clouds
251,Pitimbu,BR,-7.4706,-34.8086,77.59,72,60,15.01,broken clouds
252,Wad Madani,SD,14.4012,33.5199,87.64,28,67,7.96,broken clouds
253,Khani,GE,41.9563,42.9566,42.37,88,95,2.8,overcast clouds
254,Strezhevoy,RU,60.7333,77.5889,19.38,87,100,18.07,overcast clouds
255,Oktyabrskoye,RU,43.0645,44.7417,28.54,100,78,6.71,broken clouds
256,Birin,NP,26.8865,88.0718,51.46,69,1,5.57,clear sky
257,Saldanha,ZA,-33.0117,17.9442,59.05,92,0,8.52,clear sky
258,Wagar,SD,16.1525,36.2032,79.84,56,0,9.64,clear sky
259,Rincon,US,32.296,-81.2354,64.85,77,69,7.23,broken clouds
260,Norman Wells,CA,65.282,-126.8329,23.92,97,100,3.83,overcast clouds
261,Ciudad Bolivar,VE,8.1222,-63.5497,79.56,80,88,7.99,overcast clouds
262,Huescar,ES,37.811,-2.5412,59.13,61,100,9.48,overcast clouds
263,Chernyshevskiy,RU,63.0128,112.4714,11.52,91,97,3.53,overcast clouds
264,El Angel,EC,0.6167,-77.9333,45.81,90,76,1.66,light rain
265,Tasiilaq,GL,65.6145,-37.6368,13.86,71,59,7.49,broken clouds
266,Conakry,GN,9.538,-13.6773,75.36,89,100,11.18,light rain
267,Berlevag,NO,70.8578,29.0864,39.69,77,65,29.82,broken clouds
268,Bathsheba,BB,13.2167,-59.5167,79.52,74,25,11.32,scattered clouds
269,Constitucion,CL,-35.3333,-72.4167,58.08,72,90,15.43,overcast clouds
270,Bafq,IR,31.6128,55.4107,60.58,26,34,1.05,scattered clouds
271,Romny,UA,50.751,33.4747,41.68,85,4,6.04,clear sky
272,Narsaq,GL,60.9167,-46.05,28.62,78,92,4.16,overcast clouds
273,Victoria,HK,22.2855,114.1577,77.05,89,86,1.01,overcast clouds
274,Horsham,GB,51.064,-0.3272,57.25,89,20,4.61,few clouds
275,Ternate,ID,0.8,127.4,81.68,77,98,6.17,overcast clouds
276,Cervo,ES,43.6702,-7.4101,54.97,85,100,7.02,light rain
277,Luanda,AO,-8.8368,13.2343,75.94,86,100,10.96,overcast clouds
278,Mount Gambier,AU,-37.8333,140.7667,56.44,50,59,9.57,broken clouds
279,Fereydunshahr,IR,32.941,50.121,39.97,86,66,5.88,light rain
280,Nova Soure,BR,-11.2333,-38.4833,70.29,72,30,6.53,scattered clouds
281,Mindelo,CV,16.8901,-24.9804,75.11,79,99,17.27,overcast clouds
282,Sabang,ID,5.8933,95.3214,78.17,84,100,15.23,light rain
283,Kenora,CA,49.8167,-94.4337,46.38,93,30,5.99,scattered clouds
284,Goderich,CA,43.7501,-81.7165,52.92,83,100,24.99,light rain
285,Baherden,TM,38.4362,57.4316,53.76,43,55,3.83,broken clouds
286,Mahebourg,MU,-20.4081,57.7,72.25,81,68,3.89,broken clouds
287,Ahipara,NZ,-35.1667,173.1667,66.34,70,100,12.97,light rain
288,Lazaro Cardenas,MX,17.9583,-102.2,80.51,80,3,3.2,clear sky
289,Maragogi,BR,-9.0122,-35.2225,75.52,72,91,7.9,overcast clouds
290,Phulabani,IN,20.4667,84.2333,68.45,91,91,2.35,overcast clouds
291,Navirai,BR,-23.065,-54.1906,74.1,84,47,5.55,scattered clouds
292,Byron Bay,AU,-28.65,153.6167,83.88,67,58,14.03,broken clouds
293,Yatou,CN,37.15,122.3833,60.19,66,15,4.59,few clouds
294,Port-Gentil,GA,-0.7193,8.7815,80.56,89,75,13.8,thunderstorm
295,Kibala,TD,9.1104,18.3463,76.8,62,85,4.36,overcast clouds
296,Sandpoint,US,48.2766,-116.5533,48.94,86,1,1.01,clear sky
297,Muscat,OM,23.6139,58.5922,79.29,52,0,2.95,clear sky
298,Sao Joao Da Barra,BR,-21.6403,-41.0511,70.61,88,100,18.1,overcast clouds
299,Mirabad,AF,30.4362,61.8383,62.53,37,20,6.4,few clouds
300,Gat,IL,31.61,34.7642,72.39,74,100,3.67,overcast clouds
301,Tawau,MY,4.2498,117.8871,80.02,83,77,3.22,broken clouds
302,Port Keats,AU,-14.25,129.55,88.57,62,67,7.25,broken clouds
303,Tabriz,IR,38.08,46.2919,53.06,54,90,4.61,overcast clouds
304,Bilma,NE,18.6853,12.9164,79.0,19,12,10.63,few clouds
305,Zhengjiatun,CN,43.5064,123.5064,49.73,73,50,12.1,scattered clouds
306,Kushima,JP,31.4583,131.2333,67.66,62,8,4.74,clear sky
307,Kirakira,SB,-10.4544,161.9205,86.56,69,83,13.4,broken clouds
308,Areka,ET,7.0667,37.7,57.27,42,20,5.86,few clouds
309,Cabo San Lucas,MX,22.8909,-109.9124,84.51,64,2,1.99,clear sky
310,Taitung,TW,22.7583,121.1444,73.67,73,40,4.61,scattered clouds
311,Itarema,BR,-2.9248,-39.9167,78.82,77,42,6.62,scattered clouds
312,Singkang,MY,2.1006,102.7994,76.75,92,65,2.13,broken clouds
313,Grants,US,35.1473,-107.8514,66.43,19,1,3.44,clear sky
314,Yekaterinovka,RU,52.0508,44.3451,36.81,89,22,7.99,few clouds
315,Bud,US,39.447,-86.1758,57.69,96,100,8.39,moderate rain
316,Asfi,MA,32.2994,-9.2372,64.08,82,57,1.97,broken clouds
317,Fairbanks,US,64.8378,-147.7164,20.23,90,97,1.7,overcast clouds
318,Bowen,AU,-20.0167,148.2333,81.52,68,17,9.15,few clouds
319,Tessalit,ML,20.1986,1.0114,81.5,23,88,9.6,overcast clouds
320,Lundazi,ZM,-12.2929,33.1782,64.76,59,40,5.12,scattered clouds
321,Severo-Kurilsk,RU,50.6789,156.125,42.37,84,98,12.24,overcast clouds
322,Meadow Lake,US,34.8014,-106.5436,70.57,28,0,3.6,clear sky
323,Van,TR,38.4924,43.3831,45.1,90,100,3.38,overcast clouds
324,Puro,PH,12.4841,123.3827,81.59,78,29,11.99,scattered clouds
325,Kargil,IN,34.5667,76.1,28.74,58,3,0.81,clear sky
326,Tilichiki,RU,60.4667,166.1,27.88,96,100,8.57,light snow
327,Honiara,SB,-9.4333,159.95,88.75,63,72,10.83,broken clouds
328,Aksu,CN,41.1231,80.2644,48.33,34,97,3.69,overcast clouds
329,Kraskino,RU,42.7114,130.7794,49.44,74,100,3.15,overcast clouds
330,Pisco,PE,-13.7,-76.2167,61.02,92,96,4.5,overcast clouds
331,Nakamura,JP,32.9833,132.9333,64.22,68,85,3.49,overcast clouds
332,Shipunovo,RU,52.1582,82.2173,37.51,48,76,13.0,broken clouds
333,Luderitz,NA,-26.6481,15.1594,59.49,79,0,8.19,clear sky
334,Winchester,GB,51.0651,-1.3187,56.73,91,62,1.99,broken clouds
335,Telimele,GN,10.9167,-13.3333,69.06,95,91,0.96,light rain
336,Benghazi,LY,32.1167,20.0667,69.93,72,8,9.6,clear sky
337,Lumeje,AO,-11.55,20.7833,66.78,90,75,6.76,broken clouds
338,Shingu,JP,33.7333,135.9833,63.59,65,99,1.97,overcast clouds
339,Urumqi,CN,43.801,87.6005,43.75,57,0,4.47,clear sky
340,Guerrero Negro,MX,27.9769,-114.0611,74.19,50,0,12.06,clear sky
341,Bashmakovo,RU,53.2133,43.0342,40.51,79,71,11.07,broken clouds
342,Iqaluit,CA,63.7506,-68.5145,38.7,64,100,10.0,overcast clouds
343,Antipovka,RU,49.8299,45.3122,38.68,84,6,3.11,clear sky
344,Aklavik,CA,68.2191,-135.0107,16.79,97,98,1.97,overcast clouds
345,Kalabo,ZM,-14.97,22.6814,72.64,59,58,4.85,broken clouds
346,Ochamchira,GE,42.7121,41.4721,51.48,75,78,4.9,broken clouds
347,Xichang,CN,27.8964,102.2634,55.31,82,82,0.76,broken clouds
348,Cockburn Town,TC,21.4612,-71.1419,82.4,71,45,9.84,scattered clouds
349,Yerbogachen,RU,61.2767,108.0108,23.74,88,100,9.78,overcast clouds
350,Port Hardy,CA,50.6996,-127.4199,47.19,65,6,14.45,clear sky
351,Lisakovsk,KZ,52.5369,62.4936,32.68,54,97,2.59,overcast clouds
352,Saint-Ambroise,CA,48.5501,-71.3324,42.89,69,0,3.83,clear sky
353,Katsuura,JP,35.1333,140.3,65.1,59,11,3.87,few clouds
354,Alta Floresta,BR,-9.8756,-56.0861,74.71,82,82,4.27,broken clouds
355,Porto Novo,BJ,6.4965,2.6036,79.23,87,100,5.5,overcast clouds
356,Raudeberg,NO,61.9875,5.1352,54.27,73,100,15.39,light rain
357,Tiznit,MA,29.5833,-9.5,61.72,70,3,0.45,clear sky
358,La Libertad,EC,-2.2333,-80.9,71.08,80,80,12.71,broken clouds
359,Kavieng,PG,-2.5744,150.7967,85.66,68,82,10.38,light rain
360,Mossendjo,CG,-2.9506,12.7261,68.67,95,100,2.17,overcast clouds
361,Barra Da Estiva,BR,-13.6261,-41.3269,65.71,70,6,4.0,clear sky
362,Syracuse,IT,37.0881,15.2792,67.37,84,99,31.34,light rain
363,Coahuayana,MX,18.7333,-103.6833,81.45,81,62,3.31,broken clouds
364,Nyurba,RU,63.2842,118.3319,5.83,97,22,3.04,few clouds
365,Yola,NG,9.2,12.4833,79.0,46,80,3.31,broken clouds
366,Umm Lajj,SA,25.0213,37.2685,82.58,48,0,9.69,clear sky
367,Samarai,PG,-10.6167,150.6667,84.99,74,50,11.36,scattered clouds
368,Cabinda,AO,-5.55,12.2,78.06,87,96,10.71,overcast clouds
369,Pimentel,PE,-6.8367,-79.9342,63.73,86,88,14.03,overcast clouds
370,Sao Felix Do Xingu,BR,-6.6447,-51.995,79.14,57,63,0.09,broken clouds
371,Linguere,SN,15.3953,-15.1193,87.21,34,99,13.09,overcast clouds
372,Kajaani,FI,64.2273,27.7285,46.45,100,90,3.44,overcast clouds
373,Tabuk,PH,17.4189,121.4443,75.4,83,93,2.62,overcast clouds
374,Kahului,US,20.8947,-156.47,83.97,76,49,11.01,scattered clouds
375,Noumea,NC,-22.2763,166.4572,82.38,99,18,7.83,few clouds
376,Yenotayevka,RU,47.2456,47.0281,41.31,89,28,8.75,scattered clouds
377,Mosquera,CO,4.7059,-74.2302,59.09,72,75,5.75,broken clouds
378,Malakal,SS,9.5334,31.6605,74.86,75,41,2.82,scattered clouds
379,Svetlogorsk,BY,52.6333,29.7333,44.98,92,9,7.81,clear sky
380,Palu,ID,-0.8917,119.8707,77.94,93,100,1.3,overcast clouds
381,Salinas,US,36.6777,-121.6555,83.01,75,1,11.5,clear sky
382,Lafia,NG,8.4833,8.5167,77.47,65,64,3.04,broken clouds
383,Bardiyah,LY,31.7561,25.0865,70.95,72,99,4.5,overcast clouds
384,Swan Hill,AU,-35.3378,143.5544,59.14,31,0,8.97,clear sky
385,Matiri,TZ,-10.75,34.9,62.13,68,81,1.97,broken clouds
386,Drochia,MD,48.035,27.8161,50.25,81,1,6.26,clear sky
387,San Policarpo,PH,12.1791,125.5072,82.13,79,33,14.25,scattered clouds
388,Hailey,US,43.5196,-114.3153,37.04,75,75,1.3,broken clouds
389,Lahat,ID,-3.8,103.5333,76.23,92,100,1.25,overcast clouds
390,Trairi,BR,-3.2778,-39.2689,79.27,79,52,5.84,broken clouds
391,Banyo,CM,6.75,11.8167,66.4,78,86,1.97,overcast clouds
392,Dalbandin,PK,28.8947,64.4101,64.09,29,2,6.71,clear sky
393,Marienburg,PL,54.0359,19.0266,52.95,73,6,9.44,clear sky
394,Rehoboth,NA,-23.3167,17.0833,67.71,25,0,4.32,clear sky
395,Codrington,AU,-38.2667,141.9667,55.9,56,64,14.72,broken clouds
396,Joshimath,IN,30.5667,79.5667,48.7,22,0,6.87,clear sky
397,Chapais,CA,49.7834,-74.8492,39.25,69,54,4.83,broken clouds
398,Karratha,AU,-20.7377,116.8463,77.29,25,0,12.21,clear sky
399,Bayan,CN,46.0833,127.4,45.99,45,100,3.67,overcast clouds
400,Yaan,NG,7.3833,8.5667,77.67,71,99,3.78,overcast clouds
401,San Quintin,MX,30.4833,-115.95,70.27,65,0,8.68,clear sky
402,Lavrentiya,RU,65.5833,-171.0,15.21,82,99,3.78,overcast clouds
403,Sao Filipe,CV,14.8961,-24.4956,78.93,75,90,8.19,overcast clouds
404,Necochea,AR,-38.5473,-58.7368,69.04,51,33,15.73,scattered clouds
405,Lata,PT,40.1629,-8.3327,67.93,97,100,14.25,moderate rain
406,Omsukchan,RU,62.5333,155.8,12.97,93,100,4.18,overcast clouds
407,Harpalpur,IN,25.2884,79.3347,66.31,50,7,3.06,clear sky
408,Mahajanga,MG,-15.7167,46.3167,73.87,74,17,4.18,few clouds
409,Simpang,ID,-1.2667,104.0833,77.18,90,100,2.15,overcast clouds
410,Nago,JP,26.5881,127.9761,75.27,53,19,3.96,few clouds
411,Villarrica,PY,-25.75,-56.4333,71.2,87,47,5.82,scattered clouds
412,Lazarev,RU,52.225,141.5131,38.41,75,21,4.5,few clouds
413,Mandalgovi,MN,45.7625,106.2708,25.83,94,74,6.31,broken clouds
414,Douentza,ML,14.9951,-2.9517,87.93,37,87,3.65,overcast clouds
415,Fortuna,US,40.5982,-124.1573,66.18,70,90,1.99,overcast clouds
416,Sayyan,YE,15.1718,44.3244,50.27,33,0,6.11,clear sky
417,Ribeira Grande,PT,38.5167,-28.7,70.21,92,100,25.59,overcast clouds
418,Acarau,BR,-2.8856,-40.12,79.07,75,59,6.87,broken clouds
419,Namatanai,PG,-3.6667,152.4333,86.68,60,88,6.08,overcast clouds
420,Nigrita,GR,40.9053,23.4994,54.19,75,0,1.9,clear sky
421,Dunedin,NZ,-45.8742,170.5036,59.81,90,67,11.01,broken clouds
422,Rio Muerto,MX,27.4167,-110.2333,83.8,29,0,10.02,clear sky
423,Ossora,RU,59.2353,163.0719,26.65,83,29,7.78,scattered clouds
424,Salinopolis,BR,-0.6136,-47.3561,78.3,84,95,7.87,overcast clouds
425,Chipata,ZM,-13.6333,32.65,63.72,45,10,4.59,clear sky
426,Koupela,BF,12.1794,-0.3517,87.19,38,72,2.86,broken clouds
427,Ponta Delgada,PT,37.7333,-25.6667,73.51,94,75,13.8,broken clouds
428,Ziarat,PK,30.3823,67.7282,44.26,41,9,8.59,clear sky
429,Pingdingshan,CN,33.7385,113.3012,59.67,69,0,2.71,clear sky
430,Portland,US,45.5234,-122.6762,58.8,71,80,1.99,broken clouds
431,Mirnyy,RU,62.5353,113.9611,11.16,91,75,4.32,broken clouds
432,Viedma,AR,-40.8135,-62.9967,72.61,57,66,19.15,broken clouds
433,Kamaishi,JP,39.2667,141.8833,55.2,61,0,1.41,clear sky
434,Shalinskoye,RU,55.7228,93.7594,39.22,62,100,14.29,overcast clouds
435,Lasa,IT,46.6166,10.7002,37.36,53,90,4.47,overcast clouds
436,Cascais,PT,38.6979,-9.4215,69.51,76,100,3.0,overcast clouds
437,Takoradi,GH,4.8845,-1.7554,77.77,87,94,8.72,light rain
438,Ostrovnoy,RU,68.0531,39.5131,36.82,97,100,18.97,overcast clouds
439,Tari,NG,12.4086,4.4914,80.4,19,84,7.65,broken clouds
440,Nome,US,64.5011,-165.4064,26.17,79,99,7.4,light snow
441,Louis Trichardt,ZA,-23.0439,29.9032,65.32,53,4,0.89,clear sky
442,Tezpur,IN,26.6333,92.8,64.65,85,6,3.2,clear sky
443,Mpraeso,GH,6.5932,-0.7346,70.2,98,84,4.47,broken clouds
444,Bosaso,SO,11.2842,49.1816,77.74,66,0,3.47,clear sky
445,Libertador General San Martin,AR,-23.8064,-64.7876,78.73,59,47,1.43,light rain
446,Kortkeros,RU,61.8106,51.5806,26.6,95,100,8.57,light snow
447,Nicoya,CR,10.1483,-85.452,76.05,92,90,3.2,overcast clouds
448,Tairua,NZ,-37.0167,175.85,67.08,59,80,8.46,broken clouds
449,Torzhok,RU,57.0436,34.9622,46.81,93,63,8.34,broken clouds
450,Moissala,TD,8.3404,17.7663,74.68,73,92,3.69,overcast clouds
451,Mizan Teferi,ET,6.9833,35.5833,60.4,80,37,3.13,scattered clouds
452,Vilcun,CL,-38.65,-72.2333,49.44,83,94,2.01,overcast clouds
453,Mitsamiouli,KM,-11.3847,43.2844,77.79,69,48,3.24,scattered clouds
454,Namibe,AO,-15.1961,12.1522,65.95,83,52,4.61,broken clouds
455,General Pico,AR,-35.6566,-63.7568,81.91,29,33,10.47,scattered clouds
456,Haverfordwest,GB,51.8017,-4.9691,53.17,90,100,5.99,moderate rain
457,Rio Cuarto,AR,-33.1307,-64.3499,70.83,35,51,8.55,broken clouds
458,Zhangye,CN,38.9342,100.4517,38.35,36,8,1.57,clear sky
459,Inhambane,MZ,-23.865,35.3833,68.07,73,37,7.83,scattered clouds
460,Behshahr,IR,36.6923,53.5526,55.99,56,98,3.51,overcast clouds
461,Kaeo,NZ,-35.1,173.7833,72.32,75,99,11.23,overcast clouds
462,Ilheus,BR,-14.7889,-39.0494,72.46,87,14,4.27,few clouds
463,Cidreira,BR,-30.1811,-50.2056,68.58,84,58,21.23,broken clouds
464,Georgiyevka,KZ,43.0369,74.7114,37.44,93,60,2.24,mist
465,Nalobikha,RU,53.2006,84.6039,39.11,49,99,13.82,overcast clouds
466,Chipinge,ZW,-20.1883,32.6236,57.36,74,10,3.44,clear sky
467,Cururupu,BR,-1.8283,-44.8683,74.61,91,97,2.59,overcast clouds
468,Teguldet,RU,57.3064,88.1667,33.33,90,100,12.93,light snow
469,Kashary,RU,49.04,41.0056,40.41,82,1,2.33,clear sky
470,Kautokeino,NO,69.0125,23.0412,18.91,96,97,1.43,overcast clouds
471,Mitchell,US,43.7094,-98.0298,52.11,54,1,1.01,clear sky
472,Bullhead City,US,35.1478,-114.5683,90.1,19,0,4.0,clear sky
473,Nagato,JP,34.3833,131.2,61.84,61,61,3.13,broken clouds
474,Carnduff,CA,49.1667,-101.8009,53.38,51,61,7.05,broken clouds
475,Iroquois Falls,CA,48.7669,-80.6831,40.73,79,47,3.56,scattered clouds
476,Praia,CV,14.9215,-23.5087,78.76,77,99,13.44,overcast clouds
477,Luba,GQ,3.4568,8.5547,77.29,89,98,2.71,moderate rain
478,Waipawa,NZ,-41.4122,175.5153,63.23,61,59,6.6,broken clouds
479,Surgut,RU,61.25,73.4167,19.58,93,75,20.13,light shower snow
480,Asau,RO,46.4333,26.4,43.72,91,2,1.7,clear sky
481,Visakhapatnam,IN,17.69,83.2093,78.69,94,40,4.61,mist
482,Eenhana,NA,-17.4667,16.3333,70.18,63,64,7.16,light rain
483,Zharkent,KZ,44.1628,80.0,43.12,91,100,5.59,heavy intensity rain
484,Eureka,US,40.8021,-124.1637,65.75,84,100,1.01,overcast clouds
485,Araouane,ML,18.9048,-3.5265,81.97,28,93,11.34,overcast clouds
486,Bosobolo,CD,4.1833,19.9,70.39,98,100,2.26,light rain
487,Porto Seguro,BR,-16.4497,-39.0647,75.09,82,29,8.01,scattered clouds
488,Avera,US,33.194,-82.5271,56.71,72,69,7.7,broken clouds
489,Iseyin,NG,7.9667,3.6,74.26,90,85,4.97,overcast clouds
490,Port Augusta,AU,-32.5,137.7667,62.71,40,1,11.95,clear sky
491,Salalah,OM,17.0151,54.0924,78.01,71,4,2.39,clear sky
492,Gobabis,NA,-22.45,18.9667,74.1,21,74,12.21,broken clouds
493,Altamont,US,42.2068,-121.7372,63.9,50,75,3.44,broken clouds
494,Sibu,MY,2.3,111.8167,76.62,94,100,2.59,light rain
495,Opelika,US,32.6454,-85.3783,53.38,87,90,9.22,overcast clouds
496,Nisia Floresta,BR,-6.0911,-35.2086,77.63,77,53,11.99,broken clouds
497,Dong Xoai,VN,11.5333,106.9167,74.91,95,99,4.29,overcast clouds
498,Nyzy,UA,50.7828,34.7844,41.5,83,6,4.12,clear sky
499,Berezovyy,RU,51.6667,135.7,38.46,74,100,1.34,overcast clouds
500,Chegdomyn,RU,51.1167,133.0167,37.33,72,100,1.07,overcast clouds
501,Mahibadhoo,MV,3.7833,72.9667,82.33,75,95,11.07,overcast clouds
502,Manzanillo,CU,20.3433,-77.1167,78.03,76,92,7.25,overcast clouds
503,Mae Hong Son,TH,19.3003,97.9685,71.51,92,68,1.66,broken clouds
504,Grindavik,IS,63.8424,-22.4338,45.07,76,0,13.8,clear sky
505,Devils Lake,US,48.1128,-98.8651,53.94,58,75,5.99,broken clouds
506,Richards Bay,ZA,-28.783,32.0377,66.83,88,100,12.06,overcast clouds
507,Bo Phloi,TH,14.3236,99.5161,79.32,94,87,3.85,overcast clouds
508,Sharjah,AE,25.3573,55.4033,77.58,46,0,7.85,clear sky
509,Banepa,NP,27.6298,85.5214,52.12,94,20,2.3,few clouds
510,Sinnamary,GF,5.3833,-52.95,79.7,82,19,9.35,few clouds
511,Hastings,GB,50.8552,0.5729,58.28,81,82,17.9,broken clouds
512,Sur,OM,22.5667,59.5289,76.87,47,4,3.65,clear sky
513,Chicama,PE,-7.8447,-79.1469,66.47,78,37,6.89,scattered clouds
514,Paamiut,GL,61.994,-49.6678,31.23,83,77,6.55,broken clouds
515,Sungaipenuh,ID,-2.0833,101.3833,67.1,90,84,1.28,broken clouds
516,Pochutla,MX,15.7432,-96.4661,76.82,88,55,4.34,broken clouds
517,Santo Tomas,PH,14.1079,121.1414,83.55,77,41,8.75,scattered clouds
518,Saint-Joseph,RE,-21.3667,55.6167,69.48,82,26,7.54,scattered clouds
519,Havelock,US,34.8791,-76.9013,67.95,68,8,4.0,clear sky
520,San Jose,US,37.3394,-121.895,82.89,51,1,1.01,clear sky
521,Buarcos,PT,40.166,-8.8768,69.67,100,100,19.62,light rain
522,Biak,ID,-0.9131,122.8766,81.36,74,93,0.92,overcast clouds
523,Agirish,RU,61.9247,63.0231,16.41,82,17,7.27,few clouds
524,Udachnyy,RU,66.4167,112.4,-9.31,98,56,7.36,broken clouds
525,La Ronge,CA,55.1001,-105.2842,39.27,54,34,7.07,scattered clouds
526,Santa Maria,BR,-29.6842,-53.8069,70.54,75,2,10.42,clear sky
527,Ola,RU,59.5833,151.2833,28.06,77,74,4.38,broken clouds
528,Arkhipo-Osipovka,RU,44.37,38.52,48.42,75,0,9.33,clear sky
529,Eurajoki,FI,61.2,21.7333,48.22,96,72,7.54,broken clouds
530,Garowe,SO,8.4054,48.4845,69.42,69,0,4.94,clear sky
531,Hambantota,LK,6.1241,81.1185,77.76,87,78,4.72,broken clouds
532,Trelew,AR,-43.249,-65.3051,63.75,38,49,7.02,scattered clouds
533,Zarinsk,RU,53.7074,84.9493,38.64,53,100,14.85,overcast clouds
534,Ruteng,ID,-8.6136,120.4721,71.33,75,51,1.23,broken clouds
535,Chapada Dos Guimaraes,BR,-15.4606,-55.7497,70.29,76,85,2.21,overcast clouds
536,Freetown,SL,8.484,-13.2299,77.16,86,100,7.52,moderate rain
537,Melilla,ES,35.2937,-2.9383,59.38,82,0,3.44,clear sky
538,Mamlyutka,KZ,54.9375,68.5394,23.5,70,4,7.45,clear sky
539,Rudkobing,DK,54.9364,10.7102,53.58,75,97,17.43,overcast clouds
540,Cubuk,TR,40.2386,33.0322,42.76,87,0,8.05,clear sky
541,Okha,RU,53.5739,142.9478,39.24,82,51,8.1,broken clouds
542,Rocha,UY,-34.4833,-54.3333,61.84,95,0,11.72,clear sky
543,Beloha,MG,-25.1667,45.05,62.64,71,25,12.95,scattered clouds
544,Margate,GB,51.3813,1.3862,56.91,82,58,4.0,broken clouds
545,Pouebo,NC,-20.4,164.5667,79.83,58,17,7.34,few clouds
546,Porbandar,IN,21.6422,69.6093,77.58,38,100,9.64,overcast clouds
547,Baudh,IN,20.8416,84.3213,72.12,88,70,0.27,broken clouds
548,Bom Jesus Do Itabapoana,BR,-21.1339,-41.6797,69.33,97,100,4.16,overcast clouds
549,Praia Da Vitoria,PT,38.7333,-27.0667,69.76,98,94,6.44,overcast clouds
550,Puerto Baquerizo Moreno,EC,-0.9,-89.6,69.42,89,87,12.19,overcast clouds
551,Tashla,RU,51.7716,52.7427,39.63,81,95,3.91,overcast clouds
552,Tocopilla,CL,-22.092,-70.1979,65.52,65,22,5.99,few clouds
553,Kollam,IN,8.8833,76.6,76.32,92,100,1.54,light rain
554,Kidal,ML,18.4411,1.4078,85.71,14,53,7.9,broken clouds
555,Balikpapan,ID,-1.2675,116.8289,74.39,100,40,3.44,thunderstorm with rain
556,Zemio,CF,5.0314,25.1361,68.52,96,100,1.28,light rain
557,Shebunino,RU,46.4339,141.8603,47.32,65,0,4.74,clear sky
558,Akdepe,TM,42.0551,59.3788,32.0,59,0,6.06,clear sky
559,Talant,FR,47.3369,5.0089,54.41,82,100,5.75,light rain
560,Evensk,RU,61.95,159.2333,20.5,82,77,5.01,broken clouds
561,Walvis Bay,NA,-22.9575,14.5053,58.08,78,0,8.9,clear sky
562,Ugoofaaru,MV,5.6667,73.0,81.68,72,99,10.54,overcast clouds
563,Stromness,GB,58.965,-3.296,50.88,84,100,14.0,overcast clouds
564,Panguna,PG,-6.3164,155.4848,81.77,64,93,3.02,light rain
565,Biltine,TD,14.5333,20.9167,78.55,17,18,9.28,few clouds
566,Olivenza,ES,38.6832,-7.103,66.2,89,100,24.43,overcast clouds
567,Deyang,CN,31.1302,104.382,58.28,84,68,1.1,broken clouds
568,Sabya,SA,17.1495,42.6254,84.11,55,11,1.81,few clouds
569,Khuzhir,RU,53.1939,107.3397,32.25,68,20,8.77,few clouds
570,Oxapampa,PE,-10.5775,-75.4017,59.02,94,63,3.74,broken clouds
571,Otjimbingwe,NA,-22.35,16.1333,71.85,23,4,1.92,clear sky
572,Nadym,RU,65.5333,72.5167,15.08,93,100,26.26,light snow
573,Chibombo,ZM,-14.6569,28.0706,65.93,57,5,6.08,clear sky
574,Kununurra,AU,-15.7667,128.7333,89.58,55,8,8.05,clear sky
575,Balkanabat,TM,39.5108,54.3671,54.79,45,67,2.1,broken clouds
576,Deputatskiy,RU,69.3,139.9,7.18,91,100,7.47,overcast clouds
577,Abu Samrah,SY,35.3029,37.1841,64.71,57,100,5.28,overcast clouds
578,Blackwater,AU,-23.5833,148.8833,87.37,42,39,7.09,scattered clouds
579,Chegutu,ZW,-18.1302,30.1407,68.27,47,53,8.32,broken clouds
580,Turukhansk,RU,65.8167,87.9833,28.2,92,100,13.38,overcast clouds
581,Tobolsk,RU,58.2,68.2667,21.18,76,8,11.23,clear sky
582,Henties Bay,NA,-22.116,14.2845,57.85,85,0,3.02,clear sky
583,Sumenep,ID,-7.0167,113.8667,84.02,71,99,2.19,overcast clouds
584,Mvomero,TZ,-6.25,38.6667,75.31,85,48,0.94,scattered clouds
585,Karachi,PK,24.9056,67.0822,67.82,56,1,4.61,haze
586,Kizhinga,RU,51.8462,109.9097,21.27,59,0,1.81,clear sky
587,Sidi Ali,DZ,36.0998,0.4206,64.35,65,81,5.44,broken clouds
588,Nishihara,JP,26.1842,127.7558,74.48,64,0,4.61,clear sky
589,Los Llanos De Aridane,ES,28.6585,-17.9182,64.15,80,0,5.99,clear sky
590,Ballina,AU,-28.8667,153.5667,81.79,66,47,13.09,scattered clouds
591,Aswan,EG,24.0934,32.907,79.21,23,24,11.81,few clouds
592,Muros,ES,42.7762,-9.0603,63.23,96,99,4.23,overcast clouds
593,Sawtell,AU,-30.3833,153.1,77.18,57,90,16.11,overcast clouds
594,Nexo,DK,55.0607,15.1306,50.09,72,51,17.18,broken clouds
595,Shelbyville,US,35.4834,-86.4603,54.36,48,90,1.01,overcast clouds
596,Vulcan,RO,45.3833,23.2667,40.37,76,0,3.8,clear sky
597,Antofagasta,CL,-23.65,-70.4,61.36,77,19,4.05,few clouds
598,Yagodnoye,RU,62.55,149.6667,2.98,84,98,4.38,overcast clouds
599,Yar-Sale,RU,66.8333,70.8333,13.17,90,100,22.66,overcast clouds
600,Dudinka,RU,69.4058,86.1778,19.8,95,100,13.71,light snow
601,Taoudenni,ML,22.6783,-3.9836,81.39,18,31,8.08,scattered clouds
602,Chara,RU,56.9064,118.2631,11.48,60,5,1.45,clear sky
603,Kemi,FI,65.8596,24.8228,31.77,100,90,3.44,fog
604,Kutum,SD,14.2,24.6667,69.84,24,66,7.45,broken clouds
605,Ewa Beach,US,21.3156,-158.0072,87.01,54,13,8.99,few clouds
606,Roebourne,AU,-20.7833,117.1333,79.48,19,0,9.53,clear sky
607,Dongsheng,CN,39.8161,109.9776,37.44,42,31,7.4,scattered clouds
608,Porto Santo,PT,33.072,-16.3415,71.98,78,20,13.8,few clouds
609,Gravelbourg,CA,49.8834,-106.5512,45.39,87,100,11.1,light rain
610,Verkhoyansk,RU,67.5447,133.385,7.68,96,100,3.67,overcast clouds
611,Lompoc,US,34.6391,-120.4579,85.08,81,1,9.22,mist
612,Promissao,BR,-21.5367,-49.8581,78.06,63,26,13.42,scattered clouds
613,Minab,IR,27.1467,57.0801,77.76,38,0,3.96,clear sky
614,Port Said,EG,31.2565,32.2841,74.26,69,100,7.38,overcast clouds
615,Goure,NE,13.9835,10.2704,84.02,13,100,7.52,overcast clouds
616,Shenjiamen,CN,29.9576,122.298,65.34,70,49,8.21,light rain
617,College,US,64.8569,-147.8028,19.42,90,97,1.74,overcast clouds
618,Vestmannaeyjar,IS,63.4427,-20.2734,46.26,81,99,17.2,overcast clouds
619,Davila,PH,18.4726,120.5763,80.08,70,8,10.36,clear sky
620,Atambua,ID,-9.1061,124.8925,83.68,61,81,0.56,broken clouds
621,Xucheng,CN,20.35,110.1288,75.51,86,66,10.78,broken clouds
622,Grafton,US,42.207,-71.6856,48.72,80,90,1.99,overcast clouds
623,Sabha,LY,27.0377,14.4283,67.3,33,64,7.05,broken clouds
624,Masty,BY,53.4122,24.5387,47.55,87,54,10.33,broken clouds
625,Haines Junction,CA,60.7522,-137.5108,32.85,78,95,6.15,overcast clouds
626,Vinh,VN,18.6667,105.6667,72.54,96,100,6.24,overcast clouds
627,Hun,LY,29.1268,15.9477,66.52,37,0,3.04,clear sky
628,Zhigansk,RU,66.7697,123.3711,-11.4,100,98,1.83,overcast clouds
629,Huarmey,PE,-10.0681,-78.1522,64.96,82,41,10.36,scattered clouds
630,Monduli,TZ,-3.3,36.45,63.18,80,56,4.52,broken clouds
631,Aykhal,RU,66.0,111.5,-2.54,100,54,8.63,broken clouds
632,Nizhniy Tsasuchey,RU,50.5167,115.1333,21.69,44,57,7.52,broken clouds
633,Paka,MY,4.6374,103.4368,78.71,82,64,2.15,broken clouds
634,Manokwari,ID,-0.8667,134.0833,83.26,65,95,2.73,overcast clouds
635,Edgewood,US,39.4187,-76.2944,61.12,98,90,1.01,mist
636,Abeche,TD,13.8292,20.8324,78.35,18,58,7.49,broken clouds
637,Shivrajpur,IN,22.4167,73.65,67.14,46,89,5.37,overcast clouds
638,Punalur,IN,9.0,76.9333,74.82,97,100,0.54,overcast clouds
639,Boende,CD,-0.2167,20.8667,69.78,100,96,1.45,overcast clouds
640,Kachiry,KZ,53.0675,76.1036,33.37,94,100,10.36,light snow
641,Ponazyrevo,RU,58.3578,46.3142,42.13,93,100,11.5,overcast clouds
642,Dovers,VC,12.8833,-61.1833,80.87,75,17,13.8,few clouds
643,Kholmogory,RU,64.2229,41.656,39.31,100,100,7.9,light rain
644,Mastic Beach,US,40.7668,-72.8521,57.02,77,90,3.0,overcast clouds
645,Wajir,KE,1.7471,40.0573,79.52,62,85,16.11,overcast clouds
646,Inirida,CO,3.8653,-67.9239,73.71,97,87,1.45,light rain
647,Nelson Bay,AU,-32.7167,152.15,69.12,65,59,4.0,broken clouds
648,Terra Santa,BR,-2.1042,-56.4869,81.12,66,57,2.59,broken clouds
649,Biloela,AU,-24.4167,150.5,86.32,45,65,9.66,broken clouds
650,Taua,BR,-5.9667,-40.3,90.97,28,79,4.85,broken clouds
651,Lanja,IN,16.85,73.55,73.76,61,100,5.03,overcast clouds
652,Outjo,NA,-20.1167,16.15,73.92,33,39,10.0,scattered clouds
653,Kieta,PG,-6.2167,155.6333,85.37,71,88,7.65,light rain
654,Malim,PH,7.452,123.4312,81.1,79,39,6.06,scattered clouds
655,Camacha,PT,33.0833,-16.3333,69.22,78,20,13.8,few clouds
656,Saint-Pierre,RE,-21.3393,55.4781,69.57,76,20,5.75,few clouds
657,Moa,CU,20.6569,-74.9403,80.04,75,73,2.55,broken clouds
658,San Vicente,AR,-26.6167,-54.1333,61.97,86,56,2.82,moderate rain
659,Tautira,PF,-17.7333,-149.15,80.62,74,42,11.5,scattered clouds
660,Murdochville,CA,48.9583,-65.5006,35.31,59,0,2.15,clear sky
661,Baiyin,CN,36.5583,104.2081,43.03,45,4,4.7,clear sky
662,Ulladulla,AU,-35.35,150.4667,63.68,43,86,10.31,overcast clouds
663,Praia Grande,BR,-24.0058,-46.4028,77.23,26,64,1.01,broken clouds
664,Andros Town,BS,24.7,-77.7667,80.89,78,100,14.74,overcast clouds
665,Ainazi,LV,57.8636,24.3578,48.29,83,63,15.3,broken clouds
666,Vao,NC,-22.6667,167.4833,71.11,70,45,8.34,scattered clouds
667,Wexford,IE,52.3342,-6.4575,49.57,87,100,10.13,overcast clouds
668,Platanos,GR,37.6667,21.6167,59.68,72,93,7.96,overcast clouds
669,Alcantara,BR,-2.4089,-44.4147,76.95,84,96,4.05,overcast clouds
670,Payo,ID,-3.7508,103.6372,76.35,94,100,0.96,overcast clouds
671,Fougamou,GA,-1.2154,10.5838,73.98,99,99,2.33,overcast clouds
672,Shizunai,JP,42.3339,142.3669,50.2,68,9,0.85,clear sky
673,Morristown,US,36.214,-83.2949,52.21,74,90,6.91,light rain
674,El Alto,PE,-4.2714,-81.2147,63.77,86,59,21.03,broken clouds
675,Lubao,PH,14.9167,120.55,80.15,75,59,8.32,broken clouds
676,Smithers,CA,54.7804,-127.1743,37.33,65,51,2.89,broken clouds
677,Ekhabi,RU,53.5102,142.9671,38.8,81,49,6.53,scattered clouds
678,Chiang Khong,TH,20.2613,100.4046,69.44,97,58,0.98,broken clouds
679,Xuanhua,CN,40.6103,115.0447,47.64,48,2,5.12,clear sky
